{
	"Dimensionality Reduction": [
		{"tool_name": "PCA", "tool_description": "Linear dimensionality reduction technique", "tool_string": "pca"},
		{"tool_name": "t-SNE", "tool_description": "Nonlinear dimensionality reduction technique", "tool_string": "tsne"}
	],

	"Data Visualization": [
		{"tool_name": "Clustered Heatmap", "tool_description": "Clustering of samples based on gene expression", "tool_string": "clustered_heatmap"},
		{"tool_name": "Library Size Analysis", "tool_description": "Analysis of readcount distribution for the samples within the dataset", "tool_string": "library_size_analysis"}
	],

	"Differential Expression": [
		{"tool_name": "Differential Expression Table", "tool_description": "Differential expression analysis table", "tool_string": "de_table"},
		{"tool_name": "MA Plot", "tool_description": "Plot the logFC and average expression values resulting from a differential expression analysis", "tool_string": "ma_plot"},
		{"tool_name": "Volcano Plot", "tool_description": "Plot the logFC and logP values resulting from a differential expression analysis", "tool_string": "volcano_plot"}
	],

	"Signature Analysis": [
		{"tool_name": "Enrichr", "tool_description": "Enrichment analysis of the top most overexpressed and underexpressed genes from a differential expression analysis.", "tool_string": "enrichr"},
		{"tool_name": "L1000CDS2", "tool_description": "Identify small molecules which mimic or reverse a given differential gene expression signature.", "tool_string": "l1000cds2"}
	]
}